Date,Sales_USD,Region,Profit_Margin,Transaction_Volume
2024-01-01,4174,East,0.29030540341040917,421
2024-01-02,4507,North,0.30421163546643004,399
2024-01-03,1860,East,0.25928037499514095,96
2024-01-04,2294,North,0.23433494937192753,404
2024-01-05,2130,South,0.2658679267213984,360
2024-01-06,2095,East,0.2778090171638181,473
2024-01-07,4772,South,0.12425599789981459,357
2024-01-08,4092,North,0.21089633681842135,193
2024-01-09,2638,West,0.1726479814832278,318
2024-01-10,3169,East,0.3409419269139688,419
2024-01-11,1466,North,0.24109019033381154,173
2024-01-12,2238,West,0.3950269422684529,155
2024-01-13,1330,West,0.21964733273336595,207
2024-01-14,2482,South,0.34492956196581526,196
2024-01-15,3135,North,0.3395035374953654,194
2024-01-16,4444,West,0.14521526318962885,169
2024-01-17,4171,East,0.25245963302221563,368
2024-01-18,3919,East,0.30874384203726457,324
2024-01-19,4735,South,0.35750764144411595,141
2024-01-20,1130,West,0.19778767156056543,107
2024-01-21,2685,North,0.1660723142696645,488
2024-01-22,4380,East,0.31334485973140536,395
2024-01-23,1769,West,0.34285031384191467,278
2024-01-24,3391,West,0.20459979618751883,166
2024-01-25,2515,South,0.12885296532742624,367
2024-01-26,4485,East,0.3821569793468812,328
2024-01-27,3853,East,0.21927160632625672,176
2024-01-28,3433,North,0.2553254051582441,442
2024-01-29,2215,East,0.3513130317721984,445
2024-01-30,1955,North,0.30270703511178426,178
2024-01-31,3324,East,0.3205648357722317,107
2024-02-01,2184,South,0.1627214862213141,171
2024-02-02,1459,East,0.2624343921482698,50
2024-02-03,4385,North,0.3087353198035247,288
2024-02-04,1021,North,0.16856500653918993,339
2024-02-05,3300,South,0.15248647812878086,145
2024-02-06,1747,East,0.39465050299883075,175
2024-02-07,3904,East,0.25499076738130433,167
2024-02-08,4632,South,0.17824875244912272,97
2024-02-09,1474,East,0.3988761099273773,138
2024-02-10,2082,East,0.38962580538663816,286
2024-02-11,3558,North,0.26748803608212934,422
2024-02-12,4753,East,0.36479090295680194,434
2024-02-13,3047,East,0.15661213250241382,321
2024-02-14,4547,South,0.18366140577765458,238
2024-02-15,3747,South,0.31010734899183146,241
2024-02-16,1975,West,0.3539983426714918,496
2024-02-17,2806,North,0.35689728756342776,118
2024-02-18,1189,East,0.22135243813665706,327
2024-02-19,4005,East,0.366331029628288,398
2024-02-20,3734,West,0.35527853463025383,296
2024-02-21,4005,East,0.3806904982662843,125
2024-02-22,1562,North,0.3356021953341831,203
2024-02-23,2899,West,0.3006964764142686,193
2024-02-24,4638,North,0.2742059864309364,484
2024-02-25,2267,West,0.21168482996852295,135
2024-02-26,3879,West,0.38204003273733356,234
2024-02-27,2528,South,0.3920991510265952,334
2024-02-28,4202,North,0.18517629242123973,269
2024-02-29,4556,East,0.19160915810331805,118
2024-03-01,4890,East,0.245684126075868,96
2024-03-02,1646,North,0.23452724289587423,143
2024-03-03,3068,East,0.39833723878324623,287
2024-03-04,3888,East,0.1527775758032036,495
2024-03-05,3214,North,0.10542260908465627,253
2024-03-06,2297,West,0.2481681145550304,449
2024-03-07,3435,North,0.15364681276639866,267
2024-03-08,1600,West,0.209940635374858,481
2024-03-09,3363,East,0.3232511569169687,390
2024-03-10,3061,East,0.3162819772756388,88
2024-03-11,1241,East,0.1924182375557168,149
2024-03-12,3041,South,0.2627620691664698,338
2024-03-13,3824,West,0.25264422305162804,303
2024-03-14,4417,South,0.29089978545576867,271
2024-03-15,3612,South,0.17513854558167524,406
2024-03-16,3945,North,0.2769612542681632,72
2024-03-17,2363,South,0.39366785748250277,299
2024-03-18,3139,North,0.24602264588783657,59
2024-03-19,2390,North,0.3718296363155662,295
2024-03-20,4003,South,0.2303183096531286,374
2024-03-21,2478,West,0.20502352230840273,149
2024-03-22,4499,West,0.2935310086091695,339
2024-03-23,3556,West,0.3006772178989299,229
2024-03-24,1775,West,0.3592502695215709,272
2024-03-25,1034,West,0.1690555804724666,443
2024-03-26,3253,South,0.2497580139654257,299
2024-03-27,4152,South,0.27160125976275495,196
2024-03-28,2955,East,0.33056620429189276,491
2024-03-29,2585,West,0.11308113152633013,145
2024-03-30,4943,South,0.3983651532392024,306
2024-03-31,4459,East,0.24098335419728292,374
2024-04-01,4073,West,0.18386810253902758,53
2024-04-02,2021,North,0.3650482066798777,65
2024-04-03,4461,East,0.3243156321692242,329
2024-04-04,3613,South,0.385921554107186,385
2024-04-05,2129,North,0.19922509140115413,296
2024-04-06,4843,North,0.26582949005064704,307
2024-04-07,4893,North,0.2716877407512515,433
2024-04-08,2500,East,0.3940994751148138,209
2024-04-09,1702,South,0.12260387680183847,389
2024-04-10,3449,North,0.19170910578615458,201
2024-04-11,3777,West,0.1572733093451038,445
2024-04-12,2579,North,0.18054245706704708,227
2024-04-13,1161,North,0.24558396228289472,212
2024-04-14,1201,East,0.21180606012821482,429
2024-04-15,2981,East,0.21840744004284168,82
2024-04-16,1995,South,0.3532639422178935,466
2024-04-17,3317,West,0.3790050504432496,494
2024-04-18,4934,East,0.12112483925486318,228
2024-04-19,1815,North,0.16267561528460805,476
2024-04-20,4342,South,0.3013430550472152,150
2024-04-21,1455,North,0.20759403438884919,317
2024-04-22,4533,North,0.17624909472092165,372
2024-04-23,4798,East,0.18858717652568163,114
2024-04-24,2275,South,0.1967652292715802,466
2024-04-25,2016,West,0.35460093847740237,217
2024-04-26,4773,West,0.14098639943260866,379
2024-04-27,3343,East,0.31267329907303565,92
2024-04-28,4796,East,0.26584599307237233,93
2024-04-29,3767,South,0.18895304309433958,334
2024-04-30,4820,West,0.22593425693388297,446
2024-05-01,1337,West,0.17686208307833745,61
2024-05-02,1878,West,0.28345411325970415,144
2024-05-03,2076,North,0.12447825412007212,351
2024-05-04,1791,West,0.10155545883219604,435
2024-05-05,4993,North,0.2883683244845908,302
2024-05-06,3264,South,0.1582821860536127,291
2024-05-07,1763,North,0.12128227509997831,84
2024-05-08,3235,South,0.21903514816416653,264
2024-05-09,1379,West,0.11523055931181908,386
2024-05-10,1492,West,0.36598514468519805,139
2024-05-11,4112,South,0.10828503156211142,313
2024-05-12,2180,East,0.27365946865226765,142
2024-05-13,3062,South,0.2315422369054261,459
2024-05-14,4884,East,0.30160784058855983,139
2024-05-15,1064,North,0.1984458002424196,467
2024-05-16,4928,North,0.14651248501832326,164
2024-05-17,4910,North,0.39455226649315933,154
2024-05-18,3568,West,0.3516800506208091,440
2024-05-19,2367,North,0.3581213854935026,245
2024-05-20,2152,East,0.17507540815475925,363
2024-05-21,3027,North,0.11165042032882697,163
2024-05-22,3695,South,0.19097965440196685,124
2024-05-23,2495,South,0.2611247281589967,462
2024-05-24,4134,West,0.19799537253881228,425
2024-05-25,2162,South,0.34836070113627665,469
2024-05-26,2522,East,0.1814628747459226,266
2024-05-27,3640,North,0.389575549117231,326
2024-05-28,1391,West,0.2371795484841186,298
2024-05-29,2698,North,0.3526069225035945,213
